concept_id_1	concept_id_2	relationship_id	valid_start_date	valid_end_date	invalid_reason	
2000000081	2000000080	Is a	1970-01-01	2099-12-31		
2000000082	2000000080	Is a	1970-01-01	2099-12-31		
2000000083	2000000080	Is a	1970-01-01	2099-12-31		
2000000084	2000000080	Is a	1970-01-01	2099-12-31		
2000000085	2000000080	Is a	1970-01-01	2099-12-31		
2000000086	2000000080	Is a	1970-01-01	2099-12-31		
2000000087	2000000080	Is a	1970-01-01	2099-12-31		
2000000088	2000000080	Is a	1970-01-01	2099-12-31		
2000000080	2000000081	Subsumes	1970-01-01	2099-12-31		
2000000080	2000000082	Subsumes	1970-01-01	2099-12-31		
2000000080	2000000083	Subsumes	1970-01-01	2099-12-31		
2000000080	2000000084	Subsumes	1970-01-01	2099-12-31		
2000000080	2000000085	Subsumes	1970-01-01	2099-12-31		
2000000080	2000000086	Subsumes	1970-01-01	2099-12-31		
2000000080	2000000087	Subsumes	1970-01-01	2099-12-31		
2000000080	2000000088	Subsumes	1970-01-01	2099-12-31		
2000000090	2000000089	Is a	1970-01-01	2099-12-31		
2000000091	2000000089	Is a	1970-01-01	2099-12-31		
2000000092	2000000089	Is a	1970-01-01	2099-12-31		
2000000093	2000000089	Is a	1970-01-01	2099-12-31		
2000000094	2000000089	Is a	1970-01-01	2099-12-31		
2000000089	2000000090	Subsumes	1970-01-01	2099-12-31		
2000000089	2000000091	Subsumes	1970-01-01	2099-12-31		
2000000089	2000000092	Subsumes	1970-01-01	2099-12-31		
2000000089	2000000093	Subsumes	1970-01-01	2099-12-31		
2000000089	2000000094	Subsumes	1970-01-01	2099-12-31		
2000000096	2000000095	Is a	1970-01-01	2099-12-31		
2000000097	2000000095	Is a	1970-01-01	2099-12-31		
2000000098	2000000095	Is a	1970-01-01	2099-12-31		
2000000099	2000000095	Is a	1970-01-01	2099-12-31		
2000000100	2000000095	Is a	1970-01-01	2099-12-31		
2000000101	2000000095	Is a	1970-01-01	2099-12-31		
2000000102	2000000095	Is a	1970-01-01	2099-12-31		
2000000103	2000000095	Is a	1970-01-01	2099-12-31		
2000000095	2000000096	Subsumes	1970-01-01	2099-12-31		
2000000095	2000000097	Subsumes	1970-01-01	2099-12-31		
2000000095	2000000098	Subsumes	1970-01-01	2099-12-31		
2000000095	2000000099	Subsumes	1970-01-01	2099-12-31		
2000000095	2000000100	Subsumes	1970-01-01	2099-12-31		
2000000095	2000000101	Subsumes	1970-01-01	2099-12-31		
2000000095	2000000102	Subsumes	1970-01-01	2099-12-31		
2000000095	2000000103	Subsumes	1970-01-01	2099-12-31		
2000000105	2000000104	Is a	1970-01-01	2099-12-31		
2000000106	2000000104	Is a	1970-01-01	2099-12-31		
2000000107	2000000104	Is a	1970-01-01	2099-12-31		
2000000108	2000000104	Is a	1970-01-01	2099-12-31		
2000000109	2000000104	Is a	1970-01-01	2099-12-31		
2000000104	2000000105	Subsumes	1970-01-01	2099-12-31		
2000000104	2000000106	Subsumes	1970-01-01	2099-12-31		
2000000104	2000000107	Subsumes	1970-01-01	2099-12-31		
2000000104	2000000108	Subsumes	1970-01-01	2099-12-31		
2000000104	2000000109	Subsumes	1970-01-01	2099-12-31		
2000000111	2000000110	Is a	1970-01-01	2099-12-31		
2000000112	2000000110	Is a	1970-01-01	2099-12-31		
2000000113	2000000110	Is a	1970-01-01	2099-12-31		
2000000114	2000000110	Is a	1970-01-01	2099-12-31		
2000000115	2000000110	Is a	1970-01-01	2099-12-31		
2000000116	2000000110	Is a	1970-01-01	2099-12-31		
2000000117	2000000110	Is a	1970-01-01	2099-12-31		
2000000118	2000000110	Is a	2022-04-01	2099-12-31		
2000000110	2000000111	Subsumes	1970-01-01	2099-12-31		
2000000110	2000000112	Subsumes	1970-01-01	2099-12-31		
2000000110	2000000113	Subsumes	1970-01-01	2099-12-31		
2000000110	2000000114	Subsumes	1970-01-01	2099-12-31		
2000000110	2000000115	Subsumes	1970-01-01	2099-12-31		
2000000110	2000000116	Subsumes	1970-01-01	2099-12-31		
2000000110	2000000117	Subsumes	1970-01-01	2099-12-31		
2000000110	2000000118	Subsumes	2022-04-01	2099-12-31		
2000000120	2000000119	Is a	1970-01-01	2099-12-31		
2000000121	2000000119	Is a	1970-01-01	2099-12-31		
2000000122	2000000119	Is a	1970-01-01	2099-12-31		
2000000123	2000000119	Is a	1970-01-01	2099-12-31		
2000000124	2000000119	Is a	1970-01-01	2099-12-31		
2000000125	2000000119	Is a	1970-01-01	2099-12-31		
2000000126	2000000119	Is a	1970-01-01	2099-12-31		
2000000127	2000000119	Is a	2022-04-01	2099-12-31		
2000000119	2000000120	Subsumes	1970-01-01	2099-12-31		
2000000119	2000000121	Subsumes	1970-01-01	2099-12-31		
2000000119	2000000122	Subsumes	1970-01-01	2099-12-31		
2000000119	2000000123	Subsumes	1970-01-01	2099-12-31		
2000000119	2000000124	Subsumes	1970-01-01	2099-12-31		
2000000119	2000000125	Subsumes	1970-01-01	2099-12-31		
2000000119	2000000126	Subsumes	1970-01-01	2099-12-31		
2000000119	2000000127	Subsumes	2022-04-01	2099-12-31		
2000000129	2000000128	Is a	1970-01-01	2099-12-31		
2000000130	2000000128	Is a	1970-01-01	2099-12-31		
2000000131	2000000128	Is a	1970-01-01	2099-12-31		
2000000132	2000000128	Is a	1970-01-01	2099-12-31		
2000000133	2000000128	Is a	1970-01-01	2099-12-31		
2000000134	2000000128	Is a	1970-01-01	2099-12-31		
2000000135	2000000128	Is a	1970-01-01	2099-12-31		
2000000136	2000000128	Is a	1970-01-01	2099-12-31		
2000000137	2000000128	Is a	1970-01-01	2099-12-31		
2000000138	2000000128	Is a	1970-01-01	2099-12-31		
2000000139	2000000128	Is a	1970-01-01	2099-12-31		
2000000140	2000000128	Is a	1970-01-01	2099-12-31		
2000000141	2000000128	Is a	2022-04-01	2099-12-31		
2000000142	2000000128	Is a	2022-04-01	2099-12-31		
2000000143	2000000128	Is a	2022-04-01	2099-12-31		
2000000128	2000000129	Subsumes	1970-01-01	2099-12-31		
2000000128	2000000130	Subsumes	1970-01-01	2099-12-31		
2000000128	2000000131	Subsumes	1970-01-01	2099-12-31		
2000000128	2000000132	Subsumes	1970-01-01	2099-12-31		
2000000128	2000000133	Subsumes	1970-01-01	2099-12-31		
2000000128	2000000134	Subsumes	1970-01-01	2099-12-31		
2000000128	2000000135	Subsumes	1970-01-01	2099-12-31		
2000000128	2000000136	Subsumes	1970-01-01	2099-12-31		
2000000128	2000000137	Subsumes	1970-01-01	2099-12-31		
2000000128	2000000138	Subsumes	1970-01-01	2099-12-31		
2000000128	2000000139	Subsumes	1970-01-01	2099-12-31		
2000000128	2000000140	Subsumes	1970-01-01	2099-12-31		
2000000128	2000000141	Subsumes	2022-04-01	2099-12-31		
2000000128	2000000142	Subsumes	2022-04-01	2099-12-31		
2000000128	2000000143	Subsumes	2022-04-01	2099-12-31		
2000000145	2000000144	Is a	1970-01-01	2099-12-31		
2000000146	2000000144	Is a	1970-01-01	2099-12-31		
2000000147	2000000144	Is a	1970-01-01	2099-12-31		
2000000148	2000000144	Is a	1970-01-01	2099-12-31		
2000000149	2000000144	Is a	1970-01-01	2099-12-31		
2000000150	2000000144	Is a	1970-01-01	2099-12-31		
2000000151	2000000144	Is a	1970-01-01	2099-12-31		
2000000152	2000000144	Is a	1970-01-01	2099-12-31		
2000000153	2000000144	Is a	1970-01-01	2099-12-31		
2000000154	2000000144	Is a	1970-01-01	2099-12-31		
2000000155	2000000144	Is a	1970-01-01	2099-12-31		
2000000144	2000000145	Subsumes	1970-01-01	2099-12-31		
2000000144	2000000146	Subsumes	1970-01-01	2099-12-31		
2000000144	2000000147	Subsumes	1970-01-01	2099-12-31		
2000000144	2000000148	Subsumes	1970-01-01	2099-12-31		
2000000144	2000000149	Subsumes	1970-01-01	2099-12-31		
2000000144	2000000150	Subsumes	1970-01-01	2099-12-31		
2000000144	2000000151	Subsumes	1970-01-01	2099-12-31		
2000000144	2000000152	Subsumes	1970-01-01	2099-12-31		
2000000144	2000000153	Subsumes	1970-01-01	2099-12-31		
2000000144	2000000154	Subsumes	1970-01-01	2099-12-31		
2000000144	2000000155	Subsumes	1970-01-01	2099-12-31		
2000000157	2000000156	Is a	1970-01-01	2099-12-31		
2000000158	2000000156	Is a	1970-01-01	2099-12-31		
2000000156	2000000157	Subsumes	1970-01-01	2099-12-31		
2000000156	2000000158	Subsumes	1970-01-01	2099-12-31		
2000000160	2000000159	Is a	1970-01-01	2099-12-31		
2000000161	2000000159	Is a	1970-01-01	2099-12-31		
2000000162	2000000159	Is a	1970-01-01	2099-12-31		
2000000163	2000000159	Is a	1970-01-01	2099-12-31		
2000000164	2000000159	Is a	1970-01-01	2099-12-31		
2000000159	2000000160	Subsumes	1970-01-01	2099-12-31		
2000000159	2000000161	Subsumes	1970-01-01	2099-12-31		
2000000159	2000000162	Subsumes	1970-01-01	2099-12-31		
2000000159	2000000163	Subsumes	1970-01-01	2099-12-31		
2000000159	2000000164	Subsumes	1970-01-01	2099-12-31		
2000000166	2000000165	Is a	1970-01-01	2099-12-31		
2000000167	2000000165	Is a	1970-01-01	2099-12-31		
2000000168	2000000165	Is a	1970-01-01	2099-12-31		
2000000169	2000000165	Is a	1970-01-01	2099-12-31		
2000000165	2000000166	Subsumes	1970-01-01	2099-12-31		
2000000165	2000000167	Subsumes	1970-01-01	2099-12-31		
2000000165	2000000168	Subsumes	1970-01-01	2099-12-31		
2000000165	2000000169	Subsumes	1970-01-01	2099-12-31		
2000000171	2000000170	Is a	1970-01-01	2099-12-31		
2000000172	2000000170	Is a	1970-01-01	2099-12-31		
2000000173	2000000170	Is a	1970-01-01	2099-12-31		
2000000174	2000000170	Is a	1970-01-01	2099-12-31		
2000000175	2000000170	Is a	2022-04-01	2099-12-31		
2000000170	2000000171	Subsumes	1970-01-01	2099-12-31		
2000000170	2000000172	Subsumes	1970-01-01	2099-12-31		
2000000170	2000000173	Subsumes	1970-01-01	2099-12-31		
2000000170	2000000174	Subsumes	1970-01-01	2099-12-31		
2000000170	2000000175	Subsumes	2022-04-01	2099-12-31		
2000000177	2000000176	Is a	1970-01-01	2099-12-31		
2000000178	2000000176	Is a	1970-01-01	2099-12-31		
2000000179	2000000176	Is a	1970-01-01	2099-12-31		
2000000180	2000000176	Is a	1970-01-01	2099-12-31		
2000000181	2000000176	Is a	1970-01-01	2099-12-31		
2000000182	2000000176	Is a	1970-01-01	2099-12-31		
2000000183	2000000176	Is a	1970-01-01	2099-12-31		
2000000184	2000000176	Is a	1970-01-01	2099-12-31		
2000000185	2000000176	Is a	1970-01-01	2099-12-31		
2000000186	2000000176	Is a	1970-01-01	2099-12-31		
2000000187	2000000176	Is a	1970-01-01	2099-12-31		
2000000188	2000000176	Is a	1970-01-01	2099-12-31		
2000000189	2000000176	Is a	1970-01-01	2099-12-31		
2000000190	2000000176	Is a	1970-01-01	2099-12-31		
2000000191	2000000176	Is a	1970-01-01	2099-12-31		
2000000176	2000000177	Subsumes	1970-01-01	2099-12-31		
2000000176	2000000178	Subsumes	1970-01-01	2099-12-31		
2000000176	2000000179	Subsumes	1970-01-01	2099-12-31		
2000000176	2000000180	Subsumes	1970-01-01	2099-12-31		
2000000176	2000000181	Subsumes	1970-01-01	2099-12-31		
2000000176	2000000182	Subsumes	1970-01-01	2099-12-31		
2000000176	2000000183	Subsumes	1970-01-01	2099-12-31		
2000000176	2000000184	Subsumes	1970-01-01	2099-12-31		
2000000176	2000000185	Subsumes	1970-01-01	2099-12-31		
2000000176	2000000186	Subsumes	1970-01-01	2099-12-31		
2000000176	2000000187	Subsumes	1970-01-01	2099-12-31		
2000000176	2000000188	Subsumes	1970-01-01	2099-12-31		
2000000176	2000000189	Subsumes	1970-01-01	2099-12-31		
2000000176	2000000190	Subsumes	1970-01-01	2099-12-31		
2000000176	2000000191	Subsumes	1970-01-01	2099-12-31		
2000000193	2000000192	Is a	1970-01-01	2099-12-31		
2000000194	2000000192	Is a	1970-01-01	2099-12-31		
2000000195	2000000192	Is a	1970-01-01	2099-12-31		
2000000196	2000000192	Is a	1970-01-01	2099-12-31		
2000000192	2000000193	Subsumes	1970-01-01	2099-12-31		
2000000192	2000000194	Subsumes	1970-01-01	2099-12-31		
2000000192	2000000195	Subsumes	1970-01-01	2099-12-31		
2000000192	2000000196	Subsumes	1970-01-01	2099-12-31		
2000000198	2000000197	Is a	1970-01-01	2099-12-31		
2000000199	2000000197	Is a	1970-01-01	2099-12-31		
2000000200	2000000197	Is a	1970-01-01	2099-12-31		
2000000201	2000000197	Is a	1970-01-01	2099-12-31		
2000000202	2000000197	Is a	1970-01-01	2099-12-31		
2000000203	2000000197	Is a	1970-01-01	2099-12-31		
2000000204	2000000197	Is a	1970-01-01	2099-12-31		
2000000205	2000000197	Is a	1970-01-01	2099-12-31		
2000000206	2000000197	Is a	1970-01-01	2099-12-31		
2000000207	2000000197	Is a	1970-01-01	2099-12-31		
2000000208	2000000197	Is a	1970-01-01	2099-12-31		
2000000209	2000000197	Is a	1970-01-01	2099-12-31		
2000000210	2000000197	Is a	1970-01-01	2099-12-31		
2000000211	2000000197	Is a	1970-01-01	2099-12-31		
2000000212	2000000197	Is a	1970-01-01	2099-12-31		
2000000213	2000000197	Is a	1970-01-01	2099-12-31		
2000000214	2000000197	Is a	1970-01-01	2099-12-31		
2000000215	2000000197	Is a	1970-01-01	2099-12-31		
2000000216	2000000197	Is a	1970-01-01	2099-12-31		
2000000217	2000000197	Is a	1970-01-01	2099-12-31		
2000000218	2000000197	Is a	1970-01-01	2099-12-31		
2000000219	2000000197	Is a	1970-01-01	2099-12-31		
2000000220	2000000197	Is a	1970-01-01	2099-12-31		
2000000221	2000000197	Is a	1970-01-01	2099-12-31		
2000000222	2000000197	Is a	1970-01-01	2099-12-31		
2000000223	2000000197	Is a	1970-01-01	2099-12-31		
2000000224	2000000197	Is a	1970-01-01	2099-12-31		
2000000225	2000000197	Is a	1970-01-01	2099-12-31		
2000000226	2000000197	Is a	1970-01-01	2099-12-31		
2000000227	2000000197	Is a	1970-01-01	2099-12-31		
2000000228	2000000197	Is a	1970-01-01	2099-12-31		
2000000229	2000000197	Is a	1970-01-01	2099-12-31		
2000000230	2000000197	Is a	1970-01-01	2099-12-31		
2000000231	2000000197	Is a	1970-01-01	2099-12-31		
2000000197	2000000198	Subsumes	1970-01-01	2099-12-31		
2000000197	2000000199	Subsumes	1970-01-01	2099-12-31		
2000000197	2000000200	Subsumes	1970-01-01	2099-12-31		
2000000197	2000000201	Subsumes	1970-01-01	2099-12-31		
2000000197	2000000202	Subsumes	1970-01-01	2099-12-31		
2000000197	2000000203	Subsumes	1970-01-01	2099-12-31		
2000000197	2000000204	Subsumes	1970-01-01	2099-12-31		
2000000197	2000000205	Subsumes	1970-01-01	2099-12-31		
2000000197	2000000206	Subsumes	1970-01-01	2099-12-31		
2000000197	2000000207	Subsumes	1970-01-01	2099-12-31		
2000000197	2000000208	Subsumes	1970-01-01	2099-12-31		
2000000197	2000000209	Subsumes	1970-01-01	2099-12-31		
2000000197	2000000210	Subsumes	1970-01-01	2099-12-31		
2000000197	2000000211	Subsumes	1970-01-01	2099-12-31		
2000000197	2000000212	Subsumes	1970-01-01	2099-12-31		
2000000197	2000000213	Subsumes	1970-01-01	2099-12-31		
2000000197	2000000214	Subsumes	1970-01-01	2099-12-31		
2000000197	2000000215	Subsumes	1970-01-01	2099-12-31		
2000000197	2000000216	Subsumes	1970-01-01	2099-12-31		
2000000197	2000000217	Subsumes	1970-01-01	2099-12-31		
2000000197	2000000218	Subsumes	1970-01-01	2099-12-31		
2000000197	2000000219	Subsumes	1970-01-01	2099-12-31		
2000000197	2000000220	Subsumes	1970-01-01	2099-12-31		
2000000197	2000000221	Subsumes	1970-01-01	2099-12-31		
2000000197	2000000222	Subsumes	1970-01-01	2099-12-31		
2000000197	2000000223	Subsumes	1970-01-01	2099-12-31		
2000000197	2000000224	Subsumes	1970-01-01	2099-12-31		
2000000197	2000000225	Subsumes	1970-01-01	2099-12-31		
2000000197	2000000226	Subsumes	1970-01-01	2099-12-31		
2000000197	2000000227	Subsumes	1970-01-01	2099-12-31		
2000000197	2000000228	Subsumes	1970-01-01	2099-12-31		
2000000197	2000000229	Subsumes	1970-01-01	2099-12-31		
2000000197	2000000230	Subsumes	1970-01-01	2099-12-31		
2000000197	2000000231	Subsumes	1970-01-01	2099-12-31		
2000000233	2000000232	Is a	1970-01-01	2099-12-31		
2000000234	2000000232	Is a	1970-01-01	2099-12-31		
2000000235	2000000232	Is a	1970-01-01	2099-12-31		
2000000236	2000000232	Is a	1970-01-01	2099-12-31		
2000000237	2000000232	Is a	1970-01-01	2099-12-31		
2000000238	2000000232	Is a	1970-01-01	2099-12-31		
2000000239	2000000232	Is a	1970-01-01	2099-12-31		
2000000240	2000000232	Is a	1970-01-01	2099-12-31		
2000000241	2000000232	Is a	1970-01-01	2099-12-31		
2000000242	2000000232	Is a	1970-01-01	2099-12-31		
2000000243	2000000232	Is a	1970-01-01	2099-12-31		
2000000244	2000000232	Is a	1970-01-01	2099-12-31		
2000000245	2000000232	Is a	1970-01-01	2099-12-31		
2000000246	2000000232	Is a	1970-01-01	2099-12-31		
2000000247	2000000232	Is a	1970-01-01	2099-12-31		
2000000248	2000000232	Is a	1970-01-01	2099-12-31		
2000000249	2000000232	Is a	1970-01-01	2099-12-31		
2000000250	2000000232	Is a	1970-01-01	2099-12-31		
2000000251	2000000232	Is a	1970-01-01	2099-12-31		
2000000252	2000000232	Is a	1970-01-01	2099-12-31		
2000000253	2000000232	Is a	1970-01-01	2099-12-31		
2000000254	2000000232	Is a	1970-01-01	2099-12-31		
2000000255	2000000232	Is a	1970-01-01	2099-12-31		
2000000256	2000000232	Is a	1970-01-01	2099-12-31		
2000000232	2000000233	Subsumes	1970-01-01	2099-12-31		
2000000232	2000000234	Subsumes	1970-01-01	2099-12-31		
2000000232	2000000235	Subsumes	1970-01-01	2099-12-31		
2000000232	2000000236	Subsumes	1970-01-01	2099-12-31		
2000000232	2000000237	Subsumes	1970-01-01	2099-12-31		
2000000232	2000000238	Subsumes	1970-01-01	2099-12-31		
2000000232	2000000239	Subsumes	1970-01-01	2099-12-31		
2000000232	2000000240	Subsumes	1970-01-01	2099-12-31		
2000000232	2000000241	Subsumes	1970-01-01	2099-12-31		
2000000232	2000000242	Subsumes	1970-01-01	2099-12-31		
2000000232	2000000243	Subsumes	1970-01-01	2099-12-31		
2000000232	2000000244	Subsumes	1970-01-01	2099-12-31		
2000000232	2000000245	Subsumes	1970-01-01	2099-12-31		
2000000232	2000000246	Subsumes	1970-01-01	2099-12-31		
2000000232	2000000247	Subsumes	1970-01-01	2099-12-31		
2000000232	2000000248	Subsumes	1970-01-01	2099-12-31		
2000000232	2000000249	Subsumes	1970-01-01	2099-12-31		
2000000232	2000000250	Subsumes	1970-01-01	2099-12-31		
2000000232	2000000251	Subsumes	1970-01-01	2099-12-31		
2000000232	2000000252	Subsumes	1970-01-01	2099-12-31		
2000000232	2000000253	Subsumes	1970-01-01	2099-12-31		
2000000232	2000000254	Subsumes	1970-01-01	2099-12-31		
2000000232	2000000255	Subsumes	1970-01-01	2099-12-31		
2000000232	2000000256	Subsumes	1970-01-01	2099-12-31		
2000000258	2000000257	Is a	1970-01-01	2099-12-31		
2000000259	2000000257	Is a	1970-01-01	2099-12-31		
2000000260	2000000257	Is a	1970-01-01	2099-12-31		
2000000261	2000000257	Is a	1970-01-01	2099-12-31		
2000000262	2000000257	Is a	1970-01-01	2099-12-31		
2000000263	2000000257	Is a	1970-01-01	2099-12-31		
2000000264	2000000257	Is a	1970-01-01	2099-12-31		
2000000265	2000000257	Is a	1970-01-01	2099-12-31		
2000000266	2000000257	Is a	1970-01-01	2099-12-31		
2000000267	2000000257	Is a	1970-01-01	2099-12-31		
2000000268	2000000257	Is a	1970-01-01	2099-12-31		
2000000269	2000000257	Is a	1970-01-01	2099-12-31		
2000000270	2000000257	Is a	1970-01-01	2099-12-31		
2000000271	2000000257	Is a	1970-01-01	2099-12-31		
2000000272	2000000257	Is a	1970-01-01	2099-12-31		
2000000273	2000000257	Is a	1970-01-01	2099-12-31		
2000000274	2000000257	Is a	1970-01-01	2099-12-31		
2000000275	2000000257	Is a	1970-01-01	2099-12-31		
2000000276	2000000257	Is a	1970-01-01	2099-12-31		
2000000277	2000000257	Is a	1970-01-01	2099-12-31		
2000000278	2000000257	Is a	1970-01-01	2099-12-31		
2000000279	2000000257	Is a	1970-01-01	2099-12-31		
2000000280	2000000257	Is a	1970-01-01	2099-12-31		
2000000281	2000000257	Is a	1970-01-01	2099-12-31		
2000000282	2000000257	Is a	1970-01-01	2099-12-31		
2000000283	2000000257	Is a	1970-01-01	2099-12-31		
2000000284	2000000257	Is a	1970-01-01	2099-12-31		
2000000285	2000000257	Is a	1970-01-01	2099-12-31		
2000000286	2000000257	Is a	1970-01-01	2099-12-31		
2000000287	2000000257	Is a	1970-01-01	2099-12-31		
2000000288	2000000257	Is a	1970-01-01	2099-12-31		
2000000289	2000000257	Is a	2005-11-15	2099-12-31		
2000000290	2000000257	Is a	2005-11-15	2099-12-31		
2000000257	2000000258	Subsumes	1970-01-01	2099-12-31		
2000000257	2000000259	Subsumes	1970-01-01	2099-12-31		
2000000257	2000000260	Subsumes	1970-01-01	2099-12-31		
2000000257	2000000261	Subsumes	1970-01-01	2099-12-31		
2000000257	2000000262	Subsumes	1970-01-01	2099-12-31		
2000000257	2000000263	Subsumes	1970-01-01	2099-12-31		
2000000257	2000000264	Subsumes	1970-01-01	2099-12-31		
2000000257	2000000265	Subsumes	1970-01-01	2099-12-31		
2000000257	2000000266	Subsumes	1970-01-01	2099-12-31		
2000000257	2000000267	Subsumes	1970-01-01	2099-12-31		
2000000257	2000000268	Subsumes	1970-01-01	2099-12-31		
2000000257	2000000269	Subsumes	1970-01-01	2099-12-31		
2000000257	2000000270	Subsumes	1970-01-01	2099-12-31		
2000000257	2000000271	Subsumes	1970-01-01	2099-12-31		
2000000257	2000000272	Subsumes	1970-01-01	2099-12-31		
2000000257	2000000273	Subsumes	1970-01-01	2099-12-31		
2000000257	2000000274	Subsumes	1970-01-01	2099-12-31		
2000000257	2000000275	Subsumes	1970-01-01	2099-12-31		
2000000257	2000000276	Subsumes	1970-01-01	2099-12-31		
2000000257	2000000277	Subsumes	1970-01-01	2099-12-31		
2000000257	2000000278	Subsumes	1970-01-01	2099-12-31		
2000000257	2000000279	Subsumes	1970-01-01	2099-12-31		
2000000257	2000000280	Subsumes	1970-01-01	2099-12-31		
2000000257	2000000281	Subsumes	1970-01-01	2099-12-31		
2000000257	2000000282	Subsumes	1970-01-01	2099-12-31		
2000000257	2000000283	Subsumes	1970-01-01	2099-12-31		
2000000257	2000000284	Subsumes	1970-01-01	2099-12-31		
2000000257	2000000285	Subsumes	1970-01-01	2099-12-31		
2000000257	2000000286	Subsumes	1970-01-01	2099-12-31		
2000000257	2000000287	Subsumes	1970-01-01	2099-12-31		
2000000257	2000000288	Subsumes	1970-01-01	2099-12-31		
2000000257	2000000289	Subsumes	2005-11-15	2099-12-31		
2000000257	2000000290	Subsumes	2005-11-15	2099-12-31		
2000000292	2000000291	Is a	1970-01-01	2099-12-31		
2000000293	2000000291	Is a	1970-01-01	2099-12-31		
2000000294	2000000291	Is a	1970-01-01	2099-12-31		
2000000291	2000000292	Subsumes	1970-01-01	2099-12-31		
2000000291	2000000293	Subsumes	1970-01-01	2099-12-31		
2000000291	2000000294	Subsumes	1970-01-01	2099-12-31		
2000000296	2000000295	Is a	1970-01-01	2099-12-31		
2000000297	2000000295	Is a	1970-01-01	2099-12-31		
2000000298	2000000295	Is a	1970-01-01	2099-12-31		
2000000299	2000000295	Is a	1970-01-01	2099-12-31		
2000000300	2000000295	Is a	1970-01-01	2099-12-31		
2000000301	2000000295	Is a	2021-08-01	2099-12-31		
2000000295	2000000296	Subsumes	1970-01-01	2099-12-31		
2000000295	2000000297	Subsumes	1970-01-01	2099-12-31		
2000000295	2000000298	Subsumes	1970-01-01	2099-12-31		
2000000295	2000000299	Subsumes	1970-01-01	2099-12-31		
2000000295	2000000300	Subsumes	1970-01-01	2099-12-31		
2000000295	2000000301	Subsumes	2021-08-01	2099-12-31		
2000000303	2000000302	Is a	1970-01-01	2099-12-31		
2000000304	2000000302	Is a	1970-01-01	2099-12-31		
2000000302	2000000303	Subsumes	1970-01-01	2099-12-31		
2000000302	2000000304	Subsumes	1970-01-01	2099-12-31		
2000000306	2000000305	Is a	1970-01-01	2099-12-31		
2000000307	2000000305	Is a	1970-01-01	2099-12-31		
2000000308	2000000305	Is a	1970-01-01	2099-12-31		
2000000309	2000000305	Is a	1970-01-01	2099-12-31		
2000000310	2000000305	Is a	1970-01-01	2099-12-31		
2000000311	2000000305	Is a	1970-01-01	2099-12-31		
2000000312	2000000305	Is a	1970-01-01	2099-12-31		
2000000313	2000000305	Is a	1970-01-01	2099-12-31		
2000000314	2000000305	Is a	1970-01-01	2099-12-31		
2000000315	2000000305	Is a	1970-01-01	2099-12-31		
2000000316	2000000305	Is a	2021-03-17	2099-12-31		
2000000305	2000000306	Subsumes	1970-01-01	2099-12-31		
2000000305	2000000307	Subsumes	1970-01-01	2099-12-31		
2000000305	2000000308	Subsumes	1970-01-01	2099-12-31		
2000000305	2000000309	Subsumes	1970-01-01	2099-12-31		
2000000305	2000000310	Subsumes	1970-01-01	2099-12-31		
2000000305	2000000311	Subsumes	1970-01-01	2099-12-31		
2000000305	2000000312	Subsumes	1970-01-01	2099-12-31		
2000000305	2000000313	Subsumes	1970-01-01	2099-12-31		
2000000305	2000000314	Subsumes	1970-01-01	2099-12-31		
2000000305	2000000315	Subsumes	1970-01-01	2099-12-31		
2000000305	2000000316	Subsumes	2021-03-17	2099-12-31		
2000000318	2000000317	Is a	1970-01-01	2099-12-31		
2000000319	2000000317	Is a	1970-01-01	2099-12-31		
2000000320	2000000317	Is a	1970-01-01	2099-12-31		
2000000321	2000000317	Is a	1970-01-01	2099-12-31		
2000000322	2000000317	Is a	1970-01-01	2099-12-31		
2000000323	2000000317	Is a	1970-01-01	2099-12-31		
2000000324	2000000317	Is a	1970-01-01	2099-12-31		
2000000325	2000000317	Is a	1970-01-01	2099-12-31		
2000000326	2000000317	Is a	1970-01-01	2099-12-31		
2000000327	2000000317	Is a	1970-01-01	2099-12-31		
2000000328	2000000317	Is a	1970-01-01	2099-12-31		
2000000329	2000000317	Is a	1970-01-01	2099-12-31		
2000000330	2000000317	Is a	1970-01-01	2099-12-31		
2000000331	2000000317	Is a	2022-04-01	2099-12-31		
2000000332	2000000317	Is a	2022-04-01	2099-12-31		
2000000333	2000000317	Is a	2022-04-01	2099-12-31		
2000000317	2000000318	Subsumes	1970-01-01	2099-12-31		
2000000317	2000000319	Subsumes	1970-01-01	2099-12-31		
2000000317	2000000320	Subsumes	1970-01-01	2099-12-31		
2000000317	2000000321	Subsumes	1970-01-01	2099-12-31		
2000000317	2000000322	Subsumes	1970-01-01	2099-12-31		
2000000317	2000000323	Subsumes	1970-01-01	2099-12-31		
2000000317	2000000324	Subsumes	1970-01-01	2099-12-31		
2000000317	2000000325	Subsumes	1970-01-01	2099-12-31		
2000000317	2000000326	Subsumes	1970-01-01	2099-12-31		
2000000317	2000000327	Subsumes	1970-01-01	2099-12-31		
2000000317	2000000328	Subsumes	1970-01-01	2099-12-31		
2000000317	2000000329	Subsumes	1970-01-01	2099-12-31		
2000000317	2000000330	Subsumes	1970-01-01	2099-12-31		
2000000317	2000000331	Subsumes	2022-04-01	2099-12-31		
2000000317	2000000332	Subsumes	2022-04-01	2099-12-31		
2000000317	2000000333	Subsumes	2022-04-01	2099-12-31		
2000000335	2000000334	Is a	1970-01-01	2099-12-31		
2000000336	2000000334	Is a	1970-01-01	2099-12-31		
2000000337	2000000334	Is a	1970-01-01	2099-12-31		
2000000338	2000000334	Is a	1970-01-01	2099-12-31		
2000000339	2000000334	Is a	1970-01-01	2099-12-31		
2000000340	2000000334	Is a	1970-01-01	2099-12-31		
2000000341	2000000334	Is a	1970-01-01	2099-12-31		
2000000342	2000000334	Is a	1970-01-01	2099-12-31		
2000000343	2000000334	Is a	1970-01-01	2099-12-31		
2000000344	2000000334	Is a	1970-01-01	2099-12-31		
2000000345	2000000334	Is a	1970-01-01	2099-12-31		
2000000346	2000000334	Is a	1970-01-01	2099-12-31		
2000000347	2000000334	Is a	1970-01-01	2099-12-31		
2000000348	2000000334	Is a	1970-01-01	2099-12-31		
2000000349	2000000334	Is a	1970-01-01	2099-12-31		
2000000350	2000000334	Is a	1970-01-01	2099-12-31		
2000000351	2000000334	Is a	1970-01-01	2099-12-31		
2000000352	2000000334	Is a	1970-01-01	2099-12-31		
2000000353	2000000334	Is a	1970-01-01	2099-12-31		
2000000354	2000000334	Is a	1970-01-01	2099-12-31		
2000000355	2000000334	Is a	1970-01-01	2099-12-31		
2000000356	2000000334	Is a	1970-01-01	2099-12-31		
2000000357	2000000334	Is a	1970-01-01	2099-12-31		
2000000358	2000000334	Is a	1970-01-01	2099-12-31		
2000000359	2000000334	Is a	2022-04-01	2099-12-31		
2000000360	2000000334	Is a	2022-04-01	2099-12-31		
2000000361	2000000334	Is a	2022-04-01	2099-12-31		
2000000362	2000000334	Is a	2022-04-01	2099-12-31		
2000000334	2000000335	Subsumes	1970-01-01	2099-12-31		
2000000334	2000000336	Subsumes	1970-01-01	2099-12-31		
2000000334	2000000337	Subsumes	1970-01-01	2099-12-31		
2000000334	2000000338	Subsumes	1970-01-01	2099-12-31		
2000000334	2000000339	Subsumes	1970-01-01	2099-12-31		
2000000334	2000000340	Subsumes	1970-01-01	2099-12-31		
2000000334	2000000341	Subsumes	1970-01-01	2099-12-31		
2000000334	2000000342	Subsumes	1970-01-01	2099-12-31		
2000000334	2000000343	Subsumes	1970-01-01	2099-12-31		
2000000334	2000000344	Subsumes	1970-01-01	2099-12-31		
2000000334	2000000345	Subsumes	1970-01-01	2099-12-31		
2000000334	2000000346	Subsumes	1970-01-01	2099-12-31		
2000000334	2000000347	Subsumes	1970-01-01	2099-12-31		
2000000334	2000000348	Subsumes	1970-01-01	2099-12-31		
2000000334	2000000349	Subsumes	1970-01-01	2099-12-31		
2000000334	2000000350	Subsumes	1970-01-01	2099-12-31		
2000000334	2000000351	Subsumes	1970-01-01	2099-12-31		
2000000334	2000000352	Subsumes	1970-01-01	2099-12-31		
2000000334	2000000353	Subsumes	1970-01-01	2099-12-31		
2000000334	2000000354	Subsumes	1970-01-01	2099-12-31		
2000000334	2000000355	Subsumes	1970-01-01	2099-12-31		
2000000334	2000000356	Subsumes	1970-01-01	2099-12-31		
2000000334	2000000357	Subsumes	1970-01-01	2099-12-31		
2000000334	2000000358	Subsumes	1970-01-01	2099-12-31		
2000000334	2000000359	Subsumes	2022-04-01	2099-12-31		
2000000334	2000000360	Subsumes	2022-04-01	2099-12-31		
2000000334	2000000361	Subsumes	2022-04-01	2099-12-31		
2000000334	2000000362	Subsumes	2022-04-01	2099-12-31		
2000000364	2000000363	Is a	1970-01-01	2099-12-31		
2000000365	2000000363	Is a	2021-03-17	2099-12-31		
2000000366	2000000363	Is a	2021-03-17	2099-12-31		
2000000363	2000000364	Subsumes	1970-01-01	2099-12-31		
2000000363	2000000365	Subsumes	2021-03-17	2099-12-31		
2000000363	2000000366	Subsumes	2021-03-17	2099-12-31		
2000000368	2000000367	Is a	1970-01-01	2099-12-31		
2000000367	2000000368	Subsumes	1970-01-01	2099-12-31		
2000000370	2000000369	Is a	1970-01-01	2099-12-31		
2000000371	2000000369	Is a	1970-01-01	2099-12-31		
2000000369	2000000370	Subsumes	1970-01-01	2099-12-31		
2000000369	2000000371	Subsumes	1970-01-01	2099-12-31		
2000000373	2000000372	Is a	1970-01-01	2099-12-31		
2000000374	2000000372	Is a	1970-01-01	2099-12-31		
2000000375	2000000372	Is a	1970-01-01	2099-12-31		
2000000376	2000000372	Is a	1970-01-01	2099-12-31		
2000000377	2000000372	Is a	1970-01-01	2099-12-31		
2000000378	2000000372	Is a	1970-01-01	2099-12-31		
2000000379	2000000372	Is a	1970-01-01	2099-12-31		
2000000380	2000000372	Is a	1970-01-01	2099-12-31		
2000000381	2000000372	Is a	1970-01-01	2099-12-31		
2000000382	2000000372	Is a	1970-01-01	2099-12-31		
2000000383	2000000372	Is a	1970-01-01	2099-12-31		
2000000384	2000000372	Is a	2022-01-01	2099-12-31		
2000000372	2000000373	Subsumes	1970-01-01	2099-12-31		
2000000372	2000000374	Subsumes	1970-01-01	2099-12-31		
2000000372	2000000375	Subsumes	1970-01-01	2099-12-31		
2000000372	2000000376	Subsumes	1970-01-01	2099-12-31		
2000000372	2000000377	Subsumes	1970-01-01	2099-12-31		
2000000372	2000000378	Subsumes	1970-01-01	2099-12-31		
2000000372	2000000379	Subsumes	1970-01-01	2099-12-31		
2000000372	2000000380	Subsumes	1970-01-01	2099-12-31		
2000000372	2000000381	Subsumes	1970-01-01	2099-12-31		
2000000372	2000000382	Subsumes	1970-01-01	2099-12-31		
2000000372	2000000383	Subsumes	1970-01-01	2099-12-31		
2000000372	2000000384	Subsumes	2022-01-01	2099-12-31		
2000000386	2000000385	Is a	1970-01-01	2099-12-31		
2000000387	2000000385	Is a	1970-01-01	2099-12-31		
2000000388	2000000385	Is a	1970-01-01	2099-12-31		
2000000389	2000000385	Is a	1970-01-01	2099-12-31		
2000000390	2000000385	Is a	1970-01-01	2099-12-31		
2000000391	2000000385	Is a	1970-01-01	2099-12-31		
2000000392	2000000385	Is a	1970-01-01	2099-12-31		
2000000393	2000000385	Is a	1970-01-01	2099-12-31		
2000000394	2000000385	Is a	1970-01-01	2099-12-31		
2000000395	2000000385	Is a	1970-01-01	2099-12-31		
2000000396	2000000385	Is a	1970-01-01	2099-12-31		
2000000397	2000000385	Is a	1970-01-01	2099-12-31		
2000000398	2000000385	Is a	1970-01-01	2099-12-31		
2000000385	2000000386	Subsumes	1970-01-01	2099-12-31		
2000000385	2000000387	Subsumes	1970-01-01	2099-12-31		
2000000385	2000000388	Subsumes	1970-01-01	2099-12-31		
2000000385	2000000389	Subsumes	1970-01-01	2099-12-31		
2000000385	2000000390	Subsumes	1970-01-01	2099-12-31		
2000000385	2000000391	Subsumes	1970-01-01	2099-12-31		
2000000385	2000000392	Subsumes	1970-01-01	2099-12-31		
2000000385	2000000393	Subsumes	1970-01-01	2099-12-31		
2000000385	2000000394	Subsumes	1970-01-01	2099-12-31		
2000000385	2000000395	Subsumes	1970-01-01	2099-12-31		
2000000385	2000000396	Subsumes	1970-01-01	2099-12-31		
2000000385	2000000397	Subsumes	1970-01-01	2099-12-31		
2000000385	2000000398	Subsumes	1970-01-01	2099-12-31		
2000000400	2000000399	Is a	1970-01-01	2099-12-31		
2000000399	2000000400	Subsumes	1970-01-01	2099-12-31		
2000000402	2000000401	Is a	1970-01-01	2099-12-31		
2000000403	2000000401	Is a	1970-01-01	2099-12-31		
2000000404	2000000401	Is a	1970-01-01	2099-12-31		
2000000405	2000000401	Is a	1970-01-01	2099-12-31		
2000000406	2000000401	Is a	1970-01-01	2099-12-31		
2000000407	2000000401	Is a	1970-01-01	2099-12-31		
2000000401	2000000402	Subsumes	1970-01-01	2099-12-31		
2000000401	2000000403	Subsumes	1970-01-01	2099-12-31		
2000000401	2000000404	Subsumes	1970-01-01	2099-12-31		
2000000401	2000000405	Subsumes	1970-01-01	2099-12-31		
2000000401	2000000406	Subsumes	1970-01-01	2099-12-31		
2000000401	2000000407	Subsumes	1970-01-01	2099-12-31		
2000000409	2000000408	Is a	1970-01-01	2099-12-31		
2000000410	2000000408	Is a	1970-01-01	2099-12-31		
2000000408	2000000409	Subsumes	1970-01-01	2099-12-31		
2000000408	2000000410	Subsumes	1970-01-01	2099-12-31		
2000000412	2000000411	Is a	2017-09-26	2099-12-31		
2000000413	2000000411	Is a	2017-09-26	2099-12-31		
2000000414	2000000411	Is a	2017-09-26	2099-12-31		
2000000415	2000000411	Is a	2017-09-26	2099-12-31		
2000000416	2000000411	Is a	2017-09-26	2099-12-31		
2000000417	2000000411	Is a	2017-09-26	2099-12-31		
2000000418	2000000411	Is a	2017-09-26	2099-12-31		
2000000419	2000000411	Is a	2017-09-26	2099-12-31		
2000000420	2000000411	Is a	2017-09-26	2099-12-31		
2000000421	2000000411	Is a	2022-04-06	2099-12-31		
2000000422	2000000411	Is a	2022-04-06	2099-12-31		
2000000423	2000000411	Is a	2022-04-06	2099-12-31		
2000000424	2000000411	Is a	2022-04-06	2099-12-31		
2000000425	2000000411	Is a	2022-04-06	2099-12-31		
2000000426	2000000411	Is a	2022-04-06	2099-12-31		
2000000427	2000000411	Is a	2022-04-06	2099-12-31		
2000000428	2000000411	Is a	2022-04-06	2099-12-31		
2000000429	2000000411	Is a	2022-04-06	2099-12-31		
2000000430	2000000411	Is a	2022-04-06	2099-12-31		
2000000431	2000000411	Is a	2022-04-06	2099-12-31		
2000000432	2000000411	Is a	2022-04-06	2099-12-31		
2000000433	2000000411	Is a	2022-04-06	2099-12-31		
2000000434	2000000411	Is a	2022-04-06	2099-12-31		
2000000411	2000000412	Subsumes	2017-09-26	2099-12-31		
2000000411	2000000413	Subsumes	2017-09-26	2099-12-31		
2000000411	2000000414	Subsumes	2017-09-26	2099-12-31		
2000000411	2000000415	Subsumes	2017-09-26	2099-12-31		
2000000411	2000000416	Subsumes	2017-09-26	2099-12-31		
2000000411	2000000417	Subsumes	2017-09-26	2099-12-31		
2000000411	2000000418	Subsumes	2017-09-26	2099-12-31		
2000000411	2000000419	Subsumes	2017-09-26	2099-12-31		
2000000411	2000000420	Subsumes	2017-09-26	2099-12-31		
2000000411	2000000421	Subsumes	2022-04-06	2099-12-31		
2000000411	2000000422	Subsumes	2022-04-06	2099-12-31		
2000000411	2000000423	Subsumes	2022-04-06	2099-12-31		
2000000411	2000000424	Subsumes	2022-04-06	2099-12-31		
2000000411	2000000425	Subsumes	2022-04-06	2099-12-31		
2000000411	2000000426	Subsumes	2022-04-06	2099-12-31		
2000000411	2000000427	Subsumes	2022-04-06	2099-12-31		
2000000411	2000000428	Subsumes	2022-04-06	2099-12-31		
2000000411	2000000429	Subsumes	2022-04-06	2099-12-31		
2000000411	2000000430	Subsumes	2022-04-06	2099-12-31		
2000000411	2000000431	Subsumes	2022-04-06	2099-12-31		
2000000411	2000000432	Subsumes	2022-04-06	2099-12-31		
2000000411	2000000433	Subsumes	2022-04-06	2099-12-31		
2000000411	2000000434	Subsumes	2022-04-06	2099-12-31		
2000000436	2000000435	Is a	1970-01-01	2099-12-31		
2000000437	2000000435	Is a	1970-01-01	2099-12-31		
2000000438	2000000435	Is a	1970-01-01	2099-12-31		
2000000439	2000000435	Is a	1970-01-01	2099-12-31		
2000000440	2000000435	Is a	1970-01-01	2099-12-31		
2000000441	2000000435	Is a	1970-01-01	2099-12-31		
2000000442	2000000435	Is a	1970-01-01	2099-12-31		
2000000443	2000000435	Is a	1970-01-01	2099-12-31		
2000000444	2000000435	Is a	1970-01-01	2099-12-31		
2000000445	2000000435	Is a	1970-01-01	2099-12-31		
2000000446	2000000435	Is a	1970-01-01	2099-12-31		
2000000447	2000000435	Is a	1970-01-01	2099-12-31		
2000000448	2000000435	Is a	1970-01-01	2099-12-31		
2000000449	2000000435	Is a	1970-01-01	2099-12-31		
2000000450	2000000435	Is a	1970-01-01	2099-12-31		
2000000451	2000000435	Is a	1970-01-01	2099-12-31		
2000000452	2000000435	Is a	1970-01-01	2099-12-31		
2000000453	2000000435	Is a	1970-01-01	2099-12-31		
2000000435	2000000436	Subsumes	1970-01-01	2099-12-31		
2000000435	2000000437	Subsumes	1970-01-01	2099-12-31		
2000000435	2000000438	Subsumes	1970-01-01	2099-12-31		
2000000435	2000000439	Subsumes	1970-01-01	2099-12-31		
2000000435	2000000440	Subsumes	1970-01-01	2099-12-31		
2000000435	2000000441	Subsumes	1970-01-01	2099-12-31		
2000000435	2000000442	Subsumes	1970-01-01	2099-12-31		
2000000435	2000000443	Subsumes	1970-01-01	2099-12-31		
2000000435	2000000444	Subsumes	1970-01-01	2099-12-31		
2000000435	2000000445	Subsumes	1970-01-01	2099-12-31		
2000000435	2000000446	Subsumes	1970-01-01	2099-12-31		
2000000435	2000000447	Subsumes	1970-01-01	2099-12-31		
2000000435	2000000448	Subsumes	1970-01-01	2099-12-31		
2000000435	2000000449	Subsumes	1970-01-01	2099-12-31		
2000000435	2000000450	Subsumes	1970-01-01	2099-12-31		
2000000435	2000000451	Subsumes	1970-01-01	2099-12-31		
2000000435	2000000452	Subsumes	1970-01-01	2099-12-31		
2000000435	2000000453	Subsumes	1970-01-01	2099-12-31		
2000000455	2000000454	Is a	1970-01-01	2099-12-31		
2000000456	2000000454	Is a	1970-01-01	2099-12-31		
2000000454	2000000455	Subsumes	1970-01-01	2099-12-31		
2000000454	2000000456	Subsumes	1970-01-01	2099-12-31		
2000000458	2000000457	Is a	1970-01-01	2099-12-31		
2000000459	2000000457	Is a	1970-01-01	2099-12-31		
2000000460	2000000457	Is a	1970-01-01	2099-12-31		
2000000461	2000000457	Is a	1970-01-01	2099-12-31		
2000000462	2000000457	Is a	1970-01-01	2099-12-31		
2000000463	2000000457	Is a	1970-01-01	2099-12-31		
2000000464	2000000457	Is a	1970-01-01	2099-12-31		
2000000465	2000000457	Is a	1970-01-01	2099-12-31		
2000000466	2000000457	Is a	1970-01-01	2099-12-31		
2000000467	2000000457	Is a	1970-01-01	2099-12-31		
2000000468	2000000457	Is a	1970-01-01	2099-12-31		
2000000469	2000000457	Is a	1970-01-01	2099-12-31		
2000000470	2000000457	Is a	1970-01-01	2099-12-31		
2000000471	2000000457	Is a	2005-11-15	2099-12-31		
2000000457	2000000458	Subsumes	1970-01-01	2099-12-31		
2000000457	2000000459	Subsumes	1970-01-01	2099-12-31		
2000000457	2000000460	Subsumes	1970-01-01	2099-12-31		
2000000457	2000000461	Subsumes	1970-01-01	2099-12-31		
2000000457	2000000462	Subsumes	1970-01-01	2099-12-31		
2000000457	2000000463	Subsumes	1970-01-01	2099-12-31		
2000000457	2000000464	Subsumes	1970-01-01	2099-12-31		
2000000457	2000000465	Subsumes	1970-01-01	2099-12-31		
2000000457	2000000466	Subsumes	1970-01-01	2099-12-31		
2000000457	2000000467	Subsumes	1970-01-01	2099-12-31		
2000000457	2000000468	Subsumes	1970-01-01	2099-12-31		
2000000457	2000000469	Subsumes	1970-01-01	2099-12-31		
2000000457	2000000470	Subsumes	1970-01-01	2099-12-31		
2000000457	2000000471	Subsumes	2005-11-15	2099-12-31		
2000000473	2000000472	Is a	1970-01-01	2099-12-31		
2000000474	2000000472	Is a	1970-01-01	2099-12-31		
2000000475	2000000472	Is a	1970-01-01	2099-12-31		
2000000476	2000000472	Is a	1970-01-01	2099-12-31		
2000000477	2000000472	Is a	1970-01-01	2099-12-31		
2000000478	2000000472	Is a	1970-01-01	2099-12-31		
2000000479	2000000472	Is a	1970-01-01	2099-12-31		
2000000480	2000000472	Is a	1970-01-01	2099-12-31		
2000000481	2000000472	Is a	1970-01-01	2099-12-31		
2000000482	2000000472	Is a	1970-01-01	2099-12-31		
2000000483	2000000472	Is a	1970-01-01	2099-12-31		
2000000484	2000000472	Is a	1970-01-01	2099-12-31		
2000000485	2000000472	Is a	1970-01-01	2099-12-31		
2000000486	2000000472	Is a	2005-11-15	2099-12-31		
2000000472	2000000473	Subsumes	1970-01-01	2099-12-31		
2000000472	2000000474	Subsumes	1970-01-01	2099-12-31		
2000000472	2000000475	Subsumes	1970-01-01	2099-12-31		
2000000472	2000000476	Subsumes	1970-01-01	2099-12-31		
2000000472	2000000477	Subsumes	1970-01-01	2099-12-31		
2000000472	2000000478	Subsumes	1970-01-01	2099-12-31		
2000000472	2000000479	Subsumes	1970-01-01	2099-12-31		
2000000472	2000000480	Subsumes	1970-01-01	2099-12-31		
2000000472	2000000481	Subsumes	1970-01-01	2099-12-31		
2000000472	2000000482	Subsumes	1970-01-01	2099-12-31		
2000000472	2000000483	Subsumes	1970-01-01	2099-12-31		
2000000472	2000000484	Subsumes	1970-01-01	2099-12-31		
2000000472	2000000485	Subsumes	1970-01-01	2099-12-31		
2000000472	2000000486	Subsumes	2005-11-15	2099-12-31		
2000000488	2000000487	Is a	1970-01-01	2099-12-31		
2000000489	2000000487	Is a	1970-01-01	2099-12-31		
2000000490	2000000487	Is a	1970-01-01	2099-12-31		
2000000491	2000000487	Is a	1970-01-01	2099-12-31		
2000000492	2000000487	Is a	1970-01-01	2099-12-31		
2000000493	2000000487	Is a	1970-01-01	2099-12-31		
2000000487	2000000488	Subsumes	1970-01-01	2099-12-31		
2000000487	2000000489	Subsumes	1970-01-01	2099-12-31		
2000000487	2000000490	Subsumes	1970-01-01	2099-12-31		
2000000487	2000000491	Subsumes	1970-01-01	2099-12-31		
2000000487	2000000492	Subsumes	1970-01-01	2099-12-31		
2000000487	2000000493	Subsumes	1970-01-01	2099-12-31		
2000000495	2000000494	Is a	1970-01-01	2099-12-31		
2000000496	2000000494	Is a	1970-01-01	2099-12-31		
2000000497	2000000494	Is a	1970-01-01	2099-12-31		
2000000498	2000000494	Is a	1970-01-01	2099-12-31		
2000000499	2000000494	Is a	1970-01-01	2099-12-31		
2000000500	2000000494	Is a	1970-01-01	2099-12-31		
2000000501	2000000494	Is a	1970-01-01	2099-12-31		
2000000502	2000000494	Is a	1970-01-01	2099-12-31		
2000000503	2000000494	Is a	1970-01-01	2099-12-31		
2000000504	2000000494	Is a	1970-01-01	2099-12-31		
2000000505	2000000494	Is a	1970-01-01	2099-12-31		
2000000506	2000000494	Is a	1970-01-01	2099-12-31		
2000000507	2000000494	Is a	1970-01-01	2099-12-31		
2000000494	2000000495	Subsumes	1970-01-01	2099-12-31		
2000000494	2000000496	Subsumes	1970-01-01	2099-12-31		
2000000494	2000000497	Subsumes	1970-01-01	2099-12-31		
2000000494	2000000498	Subsumes	1970-01-01	2099-12-31		
2000000494	2000000499	Subsumes	1970-01-01	2099-12-31		
2000000494	2000000500	Subsumes	1970-01-01	2099-12-31		
2000000494	2000000501	Subsumes	1970-01-01	2099-12-31		
2000000494	2000000502	Subsumes	1970-01-01	2099-12-31		
2000000494	2000000503	Subsumes	1970-01-01	2099-12-31		
2000000494	2000000504	Subsumes	1970-01-01	2099-12-31		
2000000494	2000000505	Subsumes	1970-01-01	2099-12-31		
2000000494	2000000506	Subsumes	1970-01-01	2099-12-31		
2000000494	2000000507	Subsumes	1970-01-01	2099-12-31		
2000000509	2000000508	Is a	1970-01-01	2099-12-31		
2000000510	2000000508	Is a	1970-01-01	2099-12-31		
2000000511	2000000508	Is a	1970-01-01	2099-12-31		
2000000512	2000000508	Is a	1970-01-01	2099-12-31		
2000000513	2000000508	Is a	1970-01-01	2099-12-31		
2000000514	2000000508	Is a	1970-01-01	2099-12-31		
2000000515	2000000508	Is a	1970-01-01	2099-12-31		
2000000516	2000000508	Is a	1970-01-01	2099-12-31		
2000000517	2000000508	Is a	1970-01-01	2099-12-31		
2000000518	2000000508	Is a	1970-01-01	2099-12-31		
2000000519	2000000508	Is a	1970-01-01	2099-12-31		
2000000520	2000000508	Is a	1970-01-01	2099-12-31		
2000000521	2000000508	Is a	1970-01-01	2099-12-31		
2000000522	2000000508	Is a	1970-01-01	2099-12-31		
2000000523	2000000508	Is a	1970-01-01	2099-12-31		
2000000524	2000000508	Is a	1970-01-01	2099-12-31		
2000000525	2000000508	Is a	1970-01-01	2099-12-31		
2000000526	2000000508	Is a	1970-01-01	2099-12-31		
2000000527	2000000508	Is a	1970-01-01	2099-12-31		
2000000528	2000000508	Is a	1970-01-01	2099-12-31		
2000000529	2000000508	Is a	1970-01-01	2099-12-31		
2000000530	2000000508	Is a	1970-01-01	2099-12-31		
2000000531	2000000508	Is a	1970-01-01	2099-12-31		
2000000532	2000000508	Is a	1970-01-01	2099-12-31		
2000000533	2000000508	Is a	1970-01-01	2099-12-31		
2000000534	2000000508	Is a	1970-01-01	2099-12-31		
2000000535	2000000508	Is a	1970-01-01	2099-12-31		
2000000536	2000000508	Is a	1970-01-01	2099-12-31		
2000000537	2000000508	Is a	1970-01-01	2099-12-31		
2000000538	2000000508	Is a	1970-01-01	2099-12-31		
2000000539	2000000508	Is a	1970-01-01	2099-12-31		
2000000540	2000000508	Is a	1970-01-01	2099-12-31		
2000000541	2000000508	Is a	1970-01-01	2099-12-31		
2000000542	2000000508	Is a	1970-01-01	2099-12-31		
2000000543	2000000508	Is a	1970-01-01	2099-12-31		
2000000544	2000000508	Is a	1970-01-01	2099-12-31		
2000000545	2000000508	Is a	1970-01-01	2099-12-31		
2000000546	2000000508	Is a	1970-01-01	2099-12-31		
2000000547	2000000508	Is a	1970-01-01	2099-12-31		
2000000548	2000000508	Is a	1970-01-01	2099-12-31		
2000000508	2000000509	Subsumes	1970-01-01	2099-12-31		
2000000508	2000000510	Subsumes	1970-01-01	2099-12-31		
2000000508	2000000511	Subsumes	1970-01-01	2099-12-31		
2000000508	2000000512	Subsumes	1970-01-01	2099-12-31		
2000000508	2000000513	Subsumes	1970-01-01	2099-12-31		
2000000508	2000000514	Subsumes	1970-01-01	2099-12-31		
2000000508	2000000515	Subsumes	1970-01-01	2099-12-31		
2000000508	2000000516	Subsumes	1970-01-01	2099-12-31		
2000000508	2000000517	Subsumes	1970-01-01	2099-12-31		
2000000508	2000000518	Subsumes	1970-01-01	2099-12-31		
2000000508	2000000519	Subsumes	1970-01-01	2099-12-31		
2000000508	2000000520	Subsumes	1970-01-01	2099-12-31		
2000000508	2000000521	Subsumes	1970-01-01	2099-12-31		
2000000508	2000000522	Subsumes	1970-01-01	2099-12-31		
2000000508	2000000523	Subsumes	1970-01-01	2099-12-31		
2000000508	2000000524	Subsumes	1970-01-01	2099-12-31		
2000000508	2000000525	Subsumes	1970-01-01	2099-12-31		
2000000508	2000000526	Subsumes	1970-01-01	2099-12-31		
2000000508	2000000527	Subsumes	1970-01-01	2099-12-31		
2000000508	2000000528	Subsumes	1970-01-01	2099-12-31		
2000000508	2000000529	Subsumes	1970-01-01	2099-12-31		
2000000508	2000000530	Subsumes	1970-01-01	2099-12-31		
2000000508	2000000531	Subsumes	1970-01-01	2099-12-31		
2000000508	2000000532	Subsumes	1970-01-01	2099-12-31		
2000000508	2000000533	Subsumes	1970-01-01	2099-12-31		
2000000508	2000000534	Subsumes	1970-01-01	2099-12-31		
2000000508	2000000535	Subsumes	1970-01-01	2099-12-31		
2000000508	2000000536	Subsumes	1970-01-01	2099-12-31		
2000000508	2000000537	Subsumes	1970-01-01	2099-12-31		
2000000508	2000000538	Subsumes	1970-01-01	2099-12-31		
2000000508	2000000539	Subsumes	1970-01-01	2099-12-31		
2000000508	2000000540	Subsumes	1970-01-01	2099-12-31		
2000000508	2000000541	Subsumes	1970-01-01	2099-12-31		
2000000508	2000000542	Subsumes	1970-01-01	2099-12-31		
2000000508	2000000543	Subsumes	1970-01-01	2099-12-31		
2000000508	2000000544	Subsumes	1970-01-01	2099-12-31		
2000000508	2000000545	Subsumes	1970-01-01	2099-12-31		
2000000508	2000000546	Subsumes	1970-01-01	2099-12-31		
2000000508	2000000547	Subsumes	1970-01-01	2099-12-31		
2000000508	2000000548	Subsumes	1970-01-01	2099-12-31		
2000000550	2000000549	Is a	1970-01-01	2099-12-31		
2000000551	2000000549	Is a	1970-01-01	2099-12-31		
2000000552	2000000549	Is a	1970-01-01	2099-12-31		
2000000553	2000000549	Is a	1970-01-01	2099-12-31		
2000000554	2000000549	Is a	1970-01-01	2099-12-31		
2000000555	2000000549	Is a	1970-01-01	2099-12-31		
2000000556	2000000549	Is a	1970-01-01	2099-12-31		
2000000557	2000000549	Is a	1970-01-01	2099-12-31		
2000000558	2000000549	Is a	1970-01-01	2099-12-31		
2000000559	2000000549	Is a	1970-01-01	2099-12-31		
2000000560	2000000549	Is a	1970-01-01	2099-12-31		
2000000561	2000000549	Is a	1970-01-01	2099-12-31		
2000000562	2000000549	Is a	1970-01-01	2099-12-31		
2000000563	2000000549	Is a	1970-01-01	2099-12-31		
2000000564	2000000549	Is a	1970-01-01	2099-12-31		
2000000565	2000000549	Is a	1970-01-01	2099-12-31		
2000000566	2000000549	Is a	1970-01-01	2099-12-31		
2000000567	2000000549	Is a	1970-01-01	2099-12-31		
2000000568	2000000549	Is a	1970-01-01	2099-12-31		
2000000569	2000000549	Is a	1970-01-01	2099-12-31		
2000000570	2000000549	Is a	1970-01-01	2099-12-31		
2000000571	2000000549	Is a	1970-01-01	2099-12-31		
2000000572	2000000549	Is a	1970-01-01	2099-12-31		
2000000573	2000000549	Is a	1970-01-01	2099-12-31		
2000000574	2000000549	Is a	1970-01-01	2099-12-31		
2000000549	2000000550	Subsumes	1970-01-01	2099-12-31		
2000000549	2000000551	Subsumes	1970-01-01	2099-12-31		
2000000549	2000000552	Subsumes	1970-01-01	2099-12-31		
2000000549	2000000553	Subsumes	1970-01-01	2099-12-31		
2000000549	2000000554	Subsumes	1970-01-01	2099-12-31		
2000000549	2000000555	Subsumes	1970-01-01	2099-12-31		
2000000549	2000000556	Subsumes	1970-01-01	2099-12-31		
2000000549	2000000557	Subsumes	1970-01-01	2099-12-31		
2000000549	2000000558	Subsumes	1970-01-01	2099-12-31		
2000000549	2000000559	Subsumes	1970-01-01	2099-12-31		
2000000549	2000000560	Subsumes	1970-01-01	2099-12-31		
2000000549	2000000561	Subsumes	1970-01-01	2099-12-31		
2000000549	2000000562	Subsumes	1970-01-01	2099-12-31		
2000000549	2000000563	Subsumes	1970-01-01	2099-12-31		
2000000549	2000000564	Subsumes	1970-01-01	2099-12-31		
2000000549	2000000565	Subsumes	1970-01-01	2099-12-31		
2000000549	2000000566	Subsumes	1970-01-01	2099-12-31		
2000000549	2000000567	Subsumes	1970-01-01	2099-12-31		
2000000549	2000000568	Subsumes	1970-01-01	2099-12-31		
2000000549	2000000569	Subsumes	1970-01-01	2099-12-31		
2000000549	2000000570	Subsumes	1970-01-01	2099-12-31		
2000000549	2000000571	Subsumes	1970-01-01	2099-12-31		
2000000549	2000000572	Subsumes	1970-01-01	2099-12-31		
2000000549	2000000573	Subsumes	1970-01-01	2099-12-31		
2000000549	2000000574	Subsumes	1970-01-01	2099-12-31		
2000000576	2000000575	Is a	1970-01-01	2099-12-31		
2000000577	2000000575	Is a	1970-01-01	2099-12-31		
2000000578	2000000575	Is a	1970-01-01	2099-12-31		
2000000579	2000000575	Is a	1970-01-01	2099-12-31		
2000000580	2000000575	Is a	1970-01-01	2099-12-31		
2000000581	2000000575	Is a	1970-01-01	2099-12-31		
2000000582	2000000575	Is a	1970-01-01	2099-12-31		
2000000583	2000000575	Is a	1970-01-01	2099-12-31		
2000000584	2000000575	Is a	1970-01-01	2099-12-31		
2000000585	2000000575	Is a	1970-01-01	2099-12-31		
2000000586	2000000575	Is a	1970-01-01	2099-12-31		
2000000587	2000000575	Is a	1970-01-01	2099-12-31		
2000000588	2000000575	Is a	1970-01-01	2099-12-31		
2000000589	2000000575	Is a	1970-01-01	2099-12-31		
2000000590	2000000575	Is a	1970-01-01	2099-12-31		
2000000591	2000000575	Is a	1970-01-01	2099-12-31		
2000000592	2000000575	Is a	1970-01-01	2099-12-31		
2000000593	2000000575	Is a	1970-01-01	2099-12-31		
2000000594	2000000575	Is a	1970-01-01	2099-12-31		
2000000595	2000000575	Is a	1970-01-01	2099-12-31		
2000000596	2000000575	Is a	1970-01-01	2099-12-31		
2000000597	2000000575	Is a	1970-01-01	2099-12-31		
2000000598	2000000575	Is a	1970-01-01	2099-12-31		
2000000599	2000000575	Is a	1970-01-01	2099-12-31		
2000000600	2000000575	Is a	1970-01-01	2099-12-31		
2000000601	2000000575	Is a	1970-01-01	2099-12-31		
2000000602	2000000575	Is a	1970-01-01	2099-12-31		
2000000603	2000000575	Is a	1970-01-01	2099-12-31		
2000000604	2000000575	Is a	1970-01-01	2099-12-31		
2000000605	2000000575	Is a	1970-01-01	2099-12-31		
2000000606	2000000575	Is a	1970-01-01	2099-12-31		
2000000607	2000000575	Is a	1970-01-01	2099-12-31		
2000000608	2000000575	Is a	1970-01-01	2099-12-31		
2000000609	2000000575	Is a	1970-01-01	2099-12-31		
2000000610	2000000575	Is a	1970-01-01	2099-12-31		
2000000611	2000000575	Is a	1970-01-01	2099-12-31		
2000000612	2000000575	Is a	1970-01-01	2099-12-31		
2000000613	2000000575	Is a	1970-01-01	2099-12-31		
2000000614	2000000575	Is a	1970-01-01	2099-12-31		
2000000615	2000000575	Is a	1970-01-01	2099-12-31		
2000000616	2000000575	Is a	1970-01-01	2099-12-31		
2000000617	2000000575	Is a	1970-01-01	2099-12-31		
2000000618	2000000575	Is a	1970-01-01	2099-12-31		
2000000619	2000000575	Is a	1970-01-01	2099-12-31		
2000000620	2000000575	Is a	1970-01-01	2099-12-31		
2000000621	2000000575	Is a	1970-01-01	2099-12-31		
2000000622	2000000575	Is a	1970-01-01	2099-12-31		
2000000623	2000000575	Is a	1970-01-01	2099-12-31		
2000000624	2000000575	Is a	1970-01-01	2099-12-31		
2000000625	2000000575	Is a	1970-01-01	2099-12-31		
2000000626	2000000575	Is a	1970-01-01	2099-12-31		
2000000627	2000000575	Is a	1970-01-01	2099-12-31		
2000000628	2000000575	Is a	1970-01-01	2099-12-31		
2000000629	2000000575	Is a	1970-01-01	2099-12-31		
2000000630	2000000575	Is a	1970-01-01	2099-12-31		
2000000631	2000000575	Is a	1970-01-01	2099-12-31		
2000000632	2000000575	Is a	1970-01-01	2099-12-31		
2000000633	2000000575	Is a	1970-01-01	2099-12-31		
2000000634	2000000575	Is a	1970-01-01	2099-12-31		
2000000635	2000000575	Is a	1970-01-01	2099-12-31		
2000000636	2000000575	Is a	1970-01-01	2099-12-31		
2000000637	2000000575	Is a	1970-01-01	2099-12-31		
2000000638	2000000575	Is a	1970-01-01	2099-12-31		
2000000639	2000000575	Is a	1970-01-01	2099-12-31		
2000000640	2000000575	Is a	1970-01-01	2099-12-31		
2000000641	2000000575	Is a	1970-01-01	2099-12-31		
2000000642	2000000575	Is a	1970-01-01	2099-12-31		
2000000643	2000000575	Is a	1970-01-01	2099-12-31		
2000000644	2000000575	Is a	1970-01-01	2099-12-31		
2000000645	2000000575	Is a	1970-01-01	2099-12-31		
2000000646	2000000575	Is a	1970-01-01	2099-12-31		
2000000647	2000000575	Is a	1970-01-01	2099-12-31		
2000000648	2000000575	Is a	1970-01-01	2099-12-31		
2000000649	2000000575	Is a	1970-01-01	2099-12-31		
2000000650	2000000575	Is a	1970-01-01	2099-12-31		
2000000651	2000000575	Is a	1970-01-01	2099-12-31		
2000000652	2000000575	Is a	1970-01-01	2099-12-31		
2000000653	2000000575	Is a	1970-01-01	2099-12-31		
2000000654	2000000575	Is a	1970-01-01	2099-12-31		
2000000655	2000000575	Is a	1970-01-01	2099-12-31		
2000000656	2000000575	Is a	1970-01-01	2099-12-31		
2000000657	2000000575	Is a	1970-01-01	2099-12-31		
2000000658	2000000575	Is a	1970-01-01	2099-12-31		
2000000659	2000000575	Is a	1970-01-01	2099-12-31		
2000000660	2000000575	Is a	1970-01-01	2099-12-31		
2000000661	2000000575	Is a	1970-01-01	2099-12-31		
2000000662	2000000575	Is a	1970-01-01	2099-12-31		
2000000663	2000000575	Is a	1970-01-01	2099-12-31		
2000000575	2000000576	Subsumes	1970-01-01	2099-12-31		
2000000575	2000000577	Subsumes	1970-01-01	2099-12-31		
2000000575	2000000578	Subsumes	1970-01-01	2099-12-31		
2000000575	2000000579	Subsumes	1970-01-01	2099-12-31		
2000000575	2000000580	Subsumes	1970-01-01	2099-12-31		
2000000575	2000000581	Subsumes	1970-01-01	2099-12-31		
2000000575	2000000582	Subsumes	1970-01-01	2099-12-31		
2000000575	2000000583	Subsumes	1970-01-01	2099-12-31		
2000000575	2000000584	Subsumes	1970-01-01	2099-12-31		
2000000575	2000000585	Subsumes	1970-01-01	2099-12-31		
2000000575	2000000586	Subsumes	1970-01-01	2099-12-31		
2000000575	2000000587	Subsumes	1970-01-01	2099-12-31		
2000000575	2000000588	Subsumes	1970-01-01	2099-12-31		
2000000575	2000000589	Subsumes	1970-01-01	2099-12-31		
2000000575	2000000590	Subsumes	1970-01-01	2099-12-31		
2000000575	2000000591	Subsumes	1970-01-01	2099-12-31		
2000000575	2000000592	Subsumes	1970-01-01	2099-12-31		
2000000575	2000000593	Subsumes	1970-01-01	2099-12-31		
2000000575	2000000594	Subsumes	1970-01-01	2099-12-31		
2000000575	2000000595	Subsumes	1970-01-01	2099-12-31		
2000000575	2000000596	Subsumes	1970-01-01	2099-12-31		
2000000575	2000000597	Subsumes	1970-01-01	2099-12-31		
2000000575	2000000598	Subsumes	1970-01-01	2099-12-31		
2000000575	2000000599	Subsumes	1970-01-01	2099-12-31		
2000000575	2000000600	Subsumes	1970-01-01	2099-12-31		
2000000575	2000000601	Subsumes	1970-01-01	2099-12-31		
2000000575	2000000602	Subsumes	1970-01-01	2099-12-31		
2000000575	2000000603	Subsumes	1970-01-01	2099-12-31		
2000000575	2000000604	Subsumes	1970-01-01	2099-12-31		
2000000575	2000000605	Subsumes	1970-01-01	2099-12-31		
2000000575	2000000606	Subsumes	1970-01-01	2099-12-31		
2000000575	2000000607	Subsumes	1970-01-01	2099-12-31		
2000000575	2000000608	Subsumes	1970-01-01	2099-12-31		
2000000575	2000000609	Subsumes	1970-01-01	2099-12-31		
2000000575	2000000610	Subsumes	1970-01-01	2099-12-31		
2000000575	2000000611	Subsumes	1970-01-01	2099-12-31		
2000000575	2000000612	Subsumes	1970-01-01	2099-12-31		
2000000575	2000000613	Subsumes	1970-01-01	2099-12-31		
2000000575	2000000614	Subsumes	1970-01-01	2099-12-31		
2000000575	2000000615	Subsumes	1970-01-01	2099-12-31		
2000000575	2000000616	Subsumes	1970-01-01	2099-12-31		
2000000575	2000000617	Subsumes	1970-01-01	2099-12-31		
2000000575	2000000618	Subsumes	1970-01-01	2099-12-31		
2000000575	2000000619	Subsumes	1970-01-01	2099-12-31		
2000000575	2000000620	Subsumes	1970-01-01	2099-12-31		
2000000575	2000000621	Subsumes	1970-01-01	2099-12-31		
2000000575	2000000622	Subsumes	1970-01-01	2099-12-31		
2000000575	2000000623	Subsumes	1970-01-01	2099-12-31		
2000000575	2000000624	Subsumes	1970-01-01	2099-12-31		
2000000575	2000000625	Subsumes	1970-01-01	2099-12-31		
2000000575	2000000626	Subsumes	1970-01-01	2099-12-31		
2000000575	2000000627	Subsumes	1970-01-01	2099-12-31		
2000000575	2000000628	Subsumes	1970-01-01	2099-12-31		
2000000575	2000000629	Subsumes	1970-01-01	2099-12-31		
2000000575	2000000630	Subsumes	1970-01-01	2099-12-31		
2000000575	2000000631	Subsumes	1970-01-01	2099-12-31		
2000000575	2000000632	Subsumes	1970-01-01	2099-12-31		
2000000575	2000000633	Subsumes	1970-01-01	2099-12-31		
2000000575	2000000634	Subsumes	1970-01-01	2099-12-31		
2000000575	2000000635	Subsumes	1970-01-01	2099-12-31		
2000000575	2000000636	Subsumes	1970-01-01	2099-12-31		
2000000575	2000000637	Subsumes	1970-01-01	2099-12-31		
2000000575	2000000638	Subsumes	1970-01-01	2099-12-31		
2000000575	2000000639	Subsumes	1970-01-01	2099-12-31		
2000000575	2000000640	Subsumes	1970-01-01	2099-12-31		
2000000575	2000000641	Subsumes	1970-01-01	2099-12-31		
2000000575	2000000642	Subsumes	1970-01-01	2099-12-31		
2000000575	2000000643	Subsumes	1970-01-01	2099-12-31		
2000000575	2000000644	Subsumes	1970-01-01	2099-12-31		
2000000575	2000000645	Subsumes	1970-01-01	2099-12-31		
2000000575	2000000646	Subsumes	1970-01-01	2099-12-31		
2000000575	2000000647	Subsumes	1970-01-01	2099-12-31		
2000000575	2000000648	Subsumes	1970-01-01	2099-12-31		
2000000575	2000000649	Subsumes	1970-01-01	2099-12-31		
2000000575	2000000650	Subsumes	1970-01-01	2099-12-31		
2000000575	2000000651	Subsumes	1970-01-01	2099-12-31		
2000000575	2000000652	Subsumes	1970-01-01	2099-12-31		
2000000575	2000000653	Subsumes	1970-01-01	2099-12-31		
2000000575	2000000654	Subsumes	1970-01-01	2099-12-31		
2000000575	2000000655	Subsumes	1970-01-01	2099-12-31		
2000000575	2000000656	Subsumes	1970-01-01	2099-12-31		
2000000575	2000000657	Subsumes	1970-01-01	2099-12-31		
2000000575	2000000658	Subsumes	1970-01-01	2099-12-31		
2000000575	2000000659	Subsumes	1970-01-01	2099-12-31		
2000000575	2000000660	Subsumes	1970-01-01	2099-12-31		
2000000575	2000000661	Subsumes	1970-01-01	2099-12-31		
2000000575	2000000662	Subsumes	1970-01-01	2099-12-31		
2000000575	2000000663	Subsumes	1970-01-01	2099-12-31		
2000000665	2000000664	Is a	1970-01-01	2099-12-31		
2000000666	2000000664	Is a	1970-01-01	2099-12-31		
2000000667	2000000664	Is a	1970-01-01	2099-12-31		
2000000668	2000000664	Is a	1970-01-01	2099-12-31		
2000000669	2000000664	Is a	1970-01-01	2099-12-31		
2000000670	2000000664	Is a	1970-01-01	2099-12-31		
2000000671	2000000664	Is a	1970-01-01	2099-12-31		
2000000672	2000000664	Is a	1970-01-01	2099-12-31		
2000000673	2000000664	Is a	1970-01-01	2099-12-31		
2000000674	2000000664	Is a	1970-01-01	2099-12-31		
2000000675	2000000664	Is a	1970-01-01	2099-12-31		
2000000676	2000000664	Is a	1970-01-01	2099-12-31		
2000000677	2000000664	Is a	1970-01-01	2099-12-31		
2000000678	2000000664	Is a	1970-01-01	2099-12-31		
2000000679	2000000664	Is a	1970-01-01	2099-12-31		
2000000680	2000000664	Is a	1970-01-01	2099-12-31		
2000000681	2000000664	Is a	1970-01-01	2099-12-31		
2000000682	2000000664	Is a	1970-01-01	2099-12-31		
2000000683	2000000664	Is a	1970-01-01	2099-12-31		
2000000684	2000000664	Is a	1970-01-01	2099-12-31		
2000000685	2000000664	Is a	1970-01-01	2099-12-31		
2000000686	2000000664	Is a	1970-01-01	2099-12-31		
2000000687	2000000664	Is a	1970-01-01	2099-12-31		
2000000688	2000000664	Is a	1970-01-01	2099-12-31		
2000000689	2000000664	Is a	1970-01-01	2099-12-31		
2000000690	2000000664	Is a	1970-01-01	2099-12-31		
2000000691	2000000664	Is a	1970-01-01	2099-12-31		
2000000692	2000000664	Is a	1970-01-01	2099-12-31		
2000000693	2000000664	Is a	1970-01-01	2099-12-31		
2000000664	2000000665	Subsumes	1970-01-01	2099-12-31		
2000000664	2000000666	Subsumes	1970-01-01	2099-12-31		
2000000664	2000000667	Subsumes	1970-01-01	2099-12-31		
2000000664	2000000668	Subsumes	1970-01-01	2099-12-31		
2000000664	2000000669	Subsumes	1970-01-01	2099-12-31		
2000000664	2000000670	Subsumes	1970-01-01	2099-12-31		
2000000664	2000000671	Subsumes	1970-01-01	2099-12-31		
2000000664	2000000672	Subsumes	1970-01-01	2099-12-31		
2000000664	2000000673	Subsumes	1970-01-01	2099-12-31		
2000000664	2000000674	Subsumes	1970-01-01	2099-12-31		
2000000664	2000000675	Subsumes	1970-01-01	2099-12-31		
2000000664	2000000676	Subsumes	1970-01-01	2099-12-31		
2000000664	2000000677	Subsumes	1970-01-01	2099-12-31		
2000000664	2000000678	Subsumes	1970-01-01	2099-12-31		
2000000664	2000000679	Subsumes	1970-01-01	2099-12-31		
2000000664	2000000680	Subsumes	1970-01-01	2099-12-31		
2000000664	2000000681	Subsumes	1970-01-01	2099-12-31		
2000000664	2000000682	Subsumes	1970-01-01	2099-12-31		
2000000664	2000000683	Subsumes	1970-01-01	2099-12-31		
2000000664	2000000684	Subsumes	1970-01-01	2099-12-31		
2000000664	2000000685	Subsumes	1970-01-01	2099-12-31		
2000000664	2000000686	Subsumes	1970-01-01	2099-12-31		
2000000664	2000000687	Subsumes	1970-01-01	2099-12-31		
2000000664	2000000688	Subsumes	1970-01-01	2099-12-31		
2000000664	2000000689	Subsumes	1970-01-01	2099-12-31		
2000000664	2000000690	Subsumes	1970-01-01	2099-12-31		
2000000664	2000000691	Subsumes	1970-01-01	2099-12-31		
2000000664	2000000692	Subsumes	1970-01-01	2099-12-31		
2000000664	2000000693	Subsumes	1970-01-01	2099-12-31		
2000000695	2000000694	Is a	1970-01-01	2099-12-31		
2000000696	2000000694	Is a	1970-01-01	2099-12-31		
2000000697	2000000694	Is a	1970-01-01	2099-12-31		
2000000698	2000000694	Is a	1970-01-01	2099-12-31		
2000000699	2000000694	Is a	1970-01-01	2099-12-31		
2000000700	2000000694	Is a	1970-01-01	2099-12-31		
2000000701	2000000694	Is a	1970-01-01	2099-12-31		
2000000702	2000000694	Is a	1970-01-01	2099-12-31		
2000000703	2000000694	Is a	1970-01-01	2099-12-31		
2000000704	2000000694	Is a	1970-01-01	2099-12-31		
2000000705	2000000694	Is a	1970-01-01	2099-12-31		
2000000706	2000000694	Is a	1970-01-01	2099-12-31		
2000000707	2000000694	Is a	1970-01-01	2099-12-31		
2000000708	2000000694	Is a	1970-01-01	2099-12-31		
2000000709	2000000694	Is a	1970-01-01	2099-12-31		
2000000710	2000000694	Is a	1970-01-01	2099-12-31		
2000000711	2000000694	Is a	1970-01-01	2099-12-31		
2000000712	2000000694	Is a	1970-01-01	2099-12-31		
2000000713	2000000694	Is a	1970-01-01	2099-12-31		
2000000714	2000000694	Is a	1970-01-01	2099-12-31		
2000000694	2000000695	Subsumes	1970-01-01	2099-12-31		
2000000694	2000000696	Subsumes	1970-01-01	2099-12-31		
2000000694	2000000697	Subsumes	1970-01-01	2099-12-31		
2000000694	2000000698	Subsumes	1970-01-01	2099-12-31		
2000000694	2000000699	Subsumes	1970-01-01	2099-12-31		
2000000694	2000000700	Subsumes	1970-01-01	2099-12-31		
2000000694	2000000701	Subsumes	1970-01-01	2099-12-31		
2000000694	2000000702	Subsumes	1970-01-01	2099-12-31		
2000000694	2000000703	Subsumes	1970-01-01	2099-12-31		
2000000694	2000000704	Subsumes	1970-01-01	2099-12-31		
2000000694	2000000705	Subsumes	1970-01-01	2099-12-31		
2000000694	2000000706	Subsumes	1970-01-01	2099-12-31		
2000000694	2000000707	Subsumes	1970-01-01	2099-12-31		
2000000694	2000000708	Subsumes	1970-01-01	2099-12-31		
2000000694	2000000709	Subsumes	1970-01-01	2099-12-31		
2000000694	2000000710	Subsumes	1970-01-01	2099-12-31		
2000000694	2000000711	Subsumes	1970-01-01	2099-12-31		
2000000694	2000000712	Subsumes	1970-01-01	2099-12-31		
2000000694	2000000713	Subsumes	1970-01-01	2099-12-31		
2000000694	2000000714	Subsumes	1970-01-01	2099-12-31		
2000000716	2000000715	Is a	1970-01-01	2099-12-31		
2000000717	2000000715	Is a	1970-01-01	2099-12-31		
2000000718	2000000715	Is a	1970-01-01	2099-12-31		
2000000719	2000000715	Is a	1970-01-01	2099-12-31		
2000000720	2000000715	Is a	1970-01-01	2099-12-31		
2000000721	2000000715	Is a	1970-01-01	2099-12-31		
2000000722	2000000715	Is a	1970-01-01	2099-12-31		
2000000723	2000000715	Is a	1970-01-01	2099-12-31		
2000000724	2000000715	Is a	1970-01-01	2099-12-31		
2000000725	2000000715	Is a	1970-01-01	2099-12-31		
2000000726	2000000715	Is a	1970-01-01	2099-12-31		
2000000727	2000000715	Is a	1970-01-01	2099-12-31		
2000000728	2000000715	Is a	1970-01-01	2099-12-31		
2000000729	2000000715	Is a	1970-01-01	2099-12-31		
2000000730	2000000715	Is a	1970-01-01	2099-12-31		
2000000731	2000000715	Is a	1970-01-01	2099-12-31		
2000000732	2000000715	Is a	1970-01-01	2099-12-31		
2000000733	2000000715	Is a	1970-01-01	2099-12-31		
2000000734	2000000715	Is a	1970-01-01	2099-12-31		
2000000735	2000000715	Is a	1970-01-01	2099-12-31		
2000000736	2000000715	Is a	1970-01-01	2099-12-31		
2000000737	2000000715	Is a	1970-01-01	2099-12-31		
2000000738	2000000715	Is a	1970-01-01	2099-12-31		
2000000715	2000000716	Subsumes	1970-01-01	2099-12-31		
2000000715	2000000717	Subsumes	1970-01-01	2099-12-31		
2000000715	2000000718	Subsumes	1970-01-01	2099-12-31		
2000000715	2000000719	Subsumes	1970-01-01	2099-12-31		
2000000715	2000000720	Subsumes	1970-01-01	2099-12-31		
2000000715	2000000721	Subsumes	1970-01-01	2099-12-31		
2000000715	2000000722	Subsumes	1970-01-01	2099-12-31		
2000000715	2000000723	Subsumes	1970-01-01	2099-12-31		
2000000715	2000000724	Subsumes	1970-01-01	2099-12-31		
2000000715	2000000725	Subsumes	1970-01-01	2099-12-31		
2000000715	2000000726	Subsumes	1970-01-01	2099-12-31		
2000000715	2000000727	Subsumes	1970-01-01	2099-12-31		
2000000715	2000000728	Subsumes	1970-01-01	2099-12-31		
2000000715	2000000729	Subsumes	1970-01-01	2099-12-31		
2000000715	2000000730	Subsumes	1970-01-01	2099-12-31		
2000000715	2000000731	Subsumes	1970-01-01	2099-12-31		
2000000715	2000000732	Subsumes	1970-01-01	2099-12-31		
2000000715	2000000733	Subsumes	1970-01-01	2099-12-31		
2000000715	2000000734	Subsumes	1970-01-01	2099-12-31		
2000000715	2000000735	Subsumes	1970-01-01	2099-12-31		
2000000715	2000000736	Subsumes	1970-01-01	2099-12-31		
2000000715	2000000737	Subsumes	1970-01-01	2099-12-31		
2000000715	2000000738	Subsumes	1970-01-01	2099-12-31		
2000000740	2000000739	Is a	1970-01-01	2099-12-31		
2000000741	2000000739	Is a	1970-01-01	2099-12-31		
2000000742	2000000739	Is a	1970-01-01	2099-12-31		
2000000743	2000000739	Is a	1970-01-01	2099-12-31		
2000000739	2000000740	Subsumes	1970-01-01	2099-12-31		
2000000739	2000000741	Subsumes	1970-01-01	2099-12-31		
2000000739	2000000742	Subsumes	1970-01-01	2099-12-31		
2000000739	2000000743	Subsumes	1970-01-01	2099-12-31		
2000000745	2000000744	Is a	1970-01-01	2099-12-31		
2000000746	2000000744	Is a	1970-01-01	2099-12-31		
2000000747	2000000744	Is a	1970-01-01	2099-12-31		
2000000748	2000000744	Is a	1970-01-01	2099-12-31		
2000000749	2000000744	Is a	1970-01-01	2099-12-31		
2000000750	2000000744	Is a	1970-01-01	2099-12-31		
2000000751	2000000744	Is a	2020-12-03	2099-12-31		
2000000752	2000000744	Is a	2020-12-03	2099-12-31		
2000000753	2000000744	Is a	2020-12-03	2099-12-31		
2000000744	2000000745	Subsumes	1970-01-01	2099-12-31		
2000000744	2000000746	Subsumes	1970-01-01	2099-12-31		
2000000744	2000000747	Subsumes	1970-01-01	2099-12-31		
2000000744	2000000748	Subsumes	1970-01-01	2099-12-31		
2000000744	2000000749	Subsumes	1970-01-01	2099-12-31		
2000000744	2000000750	Subsumes	1970-01-01	2099-12-31		
2000000744	2000000751	Subsumes	2020-12-03	2099-12-31		
2000000744	2000000752	Subsumes	2020-12-03	2099-12-31		
2000000744	2000000753	Subsumes	2020-12-03	2099-12-31		
2000000755	2000000754	Is a	1970-01-01	2099-12-31		
2000000754	2000000755	Subsumes	1970-01-01	2099-12-31		
2000000757	2000000756	Is a	1970-01-01	2099-12-31		
2000000756	2000000757	Subsumes	1970-01-01	2099-12-31		
2000000759	2000000758	Is a	1970-01-01	2099-12-31		
2000000760	2000000758	Is a	1970-01-01	2099-12-31		
2000000761	2000000758	Is a	1970-01-01	2099-12-31		
2000000762	2000000758	Is a	1970-01-01	2099-12-31		
2000000763	2000000758	Is a	1970-01-01	2099-12-31		
2000000764	2000000758	Is a	1970-01-01	2099-12-31		
2000000765	2000000758	Is a	1970-01-01	2099-12-31		
2000000766	2000000758	Is a	1970-01-01	2099-12-31		
2000000767	2000000758	Is a	1970-01-01	2099-12-31		
2000000768	2000000758	Is a	1970-01-01	2099-12-31		
2000000769	2000000758	Is a	1970-01-01	2099-12-31		
2000000770	2000000758	Is a	1970-01-01	2099-12-31		
2000000771	2000000758	Is a	1970-01-01	2099-12-31		
2000000772	2000000758	Is a	1970-01-01	2099-12-31		
2000000773	2000000758	Is a	1970-01-01	2099-12-31		
2000000774	2000000758	Is a	1970-01-01	2099-12-31		
2000000775	2000000758	Is a	1970-01-01	2099-12-31		
2000000776	2000000758	Is a	1970-01-01	2099-12-31		
2000000777	2000000758	Is a	1970-01-01	2099-12-31		
2000000778	2000000758	Is a	1970-01-01	2099-12-31		
2000000779	2000000758	Is a	1970-01-01	2099-12-31		
2000000780	2000000758	Is a	1970-01-01	2099-12-31		
2000000781	2000000758	Is a	1970-01-01	2099-12-31		
2000000782	2000000758	Is a	1970-01-01	2099-12-31		
2000000783	2000000758	Is a	1970-01-01	2099-12-31		
2000000784	2000000758	Is a	1970-01-01	2099-12-31		
2000000785	2000000758	Is a	1970-01-01	2099-12-31		
2000000786	2000000758	Is a	1970-01-01	2099-12-31		
2000000787	2000000758	Is a	1970-01-01	2099-12-31		
2000000788	2000000758	Is a	1970-01-01	2099-12-31		
2000000789	2000000758	Is a	1970-01-01	2099-12-31		
2000000790	2000000758	Is a	1970-01-01	2099-12-31		
2000000791	2000000758	Is a	1970-01-01	2099-12-31		
2000000792	2000000758	Is a	2005-11-15	2099-12-31		
2000000793	2000000758	Is a	2005-11-15	2099-12-31		
2000000794	2000000758	Is a	2017-11-27	2099-12-31		
2000000795	2000000758	Is a	2017-11-27	2099-12-31		
2000000796	2000000758	Is a	2017-11-27	2099-12-31		
2000000797	2000000758	Is a	2017-11-27	2099-12-31		
2000000798	2000000758	Is a	2017-11-27	2099-12-31		
2000000799	2000000758	Is a	2017-11-27	2099-12-31		
2000000800	2000000758	Is a	2017-11-27	2099-12-31		
2000000758	2000000759	Subsumes	1970-01-01	2099-12-31		
2000000758	2000000760	Subsumes	1970-01-01	2099-12-31		
2000000758	2000000761	Subsumes	1970-01-01	2099-12-31		
2000000758	2000000762	Subsumes	1970-01-01	2099-12-31		
2000000758	2000000763	Subsumes	1970-01-01	2099-12-31		
2000000758	2000000764	Subsumes	1970-01-01	2099-12-31		
2000000758	2000000765	Subsumes	1970-01-01	2099-12-31		
2000000758	2000000766	Subsumes	1970-01-01	2099-12-31		
2000000758	2000000767	Subsumes	1970-01-01	2099-12-31		
2000000758	2000000768	Subsumes	1970-01-01	2099-12-31		
2000000758	2000000769	Subsumes	1970-01-01	2099-12-31		
2000000758	2000000770	Subsumes	1970-01-01	2099-12-31		
2000000758	2000000771	Subsumes	1970-01-01	2099-12-31		
2000000758	2000000772	Subsumes	1970-01-01	2099-12-31		
2000000758	2000000773	Subsumes	1970-01-01	2099-12-31		
2000000758	2000000774	Subsumes	1970-01-01	2099-12-31		
2000000758	2000000775	Subsumes	1970-01-01	2099-12-31		
2000000758	2000000776	Subsumes	1970-01-01	2099-12-31		
2000000758	2000000777	Subsumes	1970-01-01	2099-12-31		
2000000758	2000000778	Subsumes	1970-01-01	2099-12-31		
2000000758	2000000779	Subsumes	1970-01-01	2099-12-31		
2000000758	2000000780	Subsumes	1970-01-01	2099-12-31		
2000000758	2000000781	Subsumes	1970-01-01	2099-12-31		
2000000758	2000000782	Subsumes	1970-01-01	2099-12-31		
2000000758	2000000783	Subsumes	1970-01-01	2099-12-31		
2000000758	2000000784	Subsumes	1970-01-01	2099-12-31		
2000000758	2000000785	Subsumes	1970-01-01	2099-12-31		
2000000758	2000000786	Subsumes	1970-01-01	2099-12-31		
2000000758	2000000787	Subsumes	1970-01-01	2099-12-31		
2000000758	2000000788	Subsumes	1970-01-01	2099-12-31		
2000000758	2000000789	Subsumes	1970-01-01	2099-12-31		
2000000758	2000000790	Subsumes	1970-01-01	2099-12-31		
2000000758	2000000791	Subsumes	1970-01-01	2099-12-31		
2000000758	2000000792	Subsumes	2005-11-15	2099-12-31		
2000000758	2000000793	Subsumes	2005-11-15	2099-12-31		
2000000758	2000000794	Subsumes	2017-11-27	2099-12-31		
2000000758	2000000795	Subsumes	2017-11-27	2099-12-31		
2000000758	2000000796	Subsumes	2017-11-27	2099-12-31		
2000000758	2000000797	Subsumes	2017-11-27	2099-12-31		
2000000758	2000000798	Subsumes	2017-11-27	2099-12-31		
2000000758	2000000799	Subsumes	2017-11-27	2099-12-31		
2000000758	2000000800	Subsumes	2017-11-27	2099-12-31		
